0,1,2,3,4,5,6,7
8,9,10,11,12,13,14,15
16,17,18,19,20,21,22,23
24,25,26,27,28,29,30,31
0,24,32,33,34,35,36,37,38,39,40,41,42,43
44,45,46,47,48,49,50,51
52,53,54,55,56,57,58,59
60,61,62,63,64,65,66,67,68,69
60,70,71,72,73,74,75,76
61,77,78,79,80,81,82,83
16,77,84,85,86,87,88,89,90,91
17,92,93,94,95,96,97,98,99,100
92,101,102,103,104,105,106,107
108,109,110,111,112,113,114,115
25,108,116,117,118,119,120,121,122,123,124,125,126,127
116,128,129,130,131,132,133,134
26,32,117,135,136,137,138,139,140,141
142,143,144,145,146,147,148,149
52,142,150,151,152,153,154,155,156,157
1,27,33,109,118,158,159,160,161,162
93,158,163,164,165,166,167,168
8,62,70,78,84,169,170,171,172,173,174,175,176,177
9,169,178,179,180,181,182,183,184,185
85,170,178,186,187,188,189,190
53,191,192,193,194,195,196,197,198,199
54,143,150,191,200,201,202,203,204,205,206,207,208,209
192,200,210,211,212,213,214,215
10,55,71,171,201,216,217,218,219,220
101,221,222,223,224,225,226,227,228,229
179,221,230,231,232,233,234,235
63,151,236,237,238,239,240,241
18,86,94,180,186,242,243,244,245,246,247,248,249,250
72,172,187,242,251,252,253,254,255,256
193,251,257,258,259,260,261,262
56,64,73,152,194,216,236,252,257,263,264,265,266,267
268,269,270,271,272,273,274,275
2,34,102,268,276,277,278,279,280,281
65,282,283,284,285,286,287,288
44,222,289,290,291,292,293,294,295,296,297,298,299,300
35,144,202,210,301,302,303,304,305,306
28,36,57,119,128,135,145,153,195,203,211,237,258,263,301,307,308,309,310,311,312,313,314,315,316,317
37,276,302,307,318,319,320,321
196,212,269,277,303,308,318,322,323,324,325,326,327,328
95,103,181,223,230,270,278,329,330,331,332,333,334,335
243,271,322,329,336,337,338,339,340,341
96,182,244,330,336,342,343,344
204,217,345,346,347,348,349,350
11,58,74,173,183,188,197,205,213,218,231,245,253,259,264,272,323,331,337,342,345,351,352,353,354,355
206,214,232,273,324,332,346,351,356,357
120,136,309,358,359,360,361,362
121,129,238,260,265,310,358,363,364,365
19,66,75,79,87,110,122,130,174,189,239,246,254,261,266,282,359,363,366,367,368,369,370,371,372,373
67,137,154,240,283,311,360,364,366,374,375,376,377,378
29,38,123,131,312,319,325,379,380,381
198,313,326,338,352,379,382,383
132,199,255,262,314,339,353,365,367,380,382,384,385,386
3,20,30,39,97,104,111,124,133,159,163,247,274,279,320,327,333,340,343,381,383,384,387,388,389,390
21,112,125,134,248,368,385,387,391,392
249,256,341,354,369,386,388,391
45,68,80,88,284,370,393,394,395,396,397,398,399,400
46,164,289,393,401,402,403,404,405,406
4,98,105,160,165,224,280,389,401,407,408,409,410,411
225,290,402,407,412,413,414,415
138,155,315,374,416,417,418,419
40,139,304,316,420,421,422,423
5,41,291,408,412,420,424,425,426,427
12,22,47,81,89,99,106,166,175,184,190,226,233,250,292,334,344,394,403,409,413,428,429,430,431,432
13,48,82,176,293,395,428,433,434,435
14,49,59,69,76,83,146,156,177,207,219,241,267,285,294,347,375,396,416,433,436,437,438,439,440,441
23,90,100,113,161,167,371,390,392,404,429,442,443,444
114,126,286,361,372,376,397,442,445,446
91,373,398,405,430,443,445,447
295,424,436,448,449,450,451,452
140,147,157,305,317,417,421,425,437,448,453,454,455,456
6,31,42,50,115,127,141,162,168,287,296,362,377,399,406,410,414,418,422,426,444,446,447,449,453,457
51,288,297,378,400,419,438,450,454,457
7,43,107,148,208,215,227,234,275,281,298,306,321,328,335,348,356,411,415,423,427,451,455,458,459,460
149,209,299,349,439,452,456,458,461,462
15,185,220,228,235,350,355,357,431,434,440,459,461,463
229,300,432,435,441,460,462,463